"Name","Length","LastWriteTime"
"media__1772888463899.png","92281","3/7/2026 6:31:27 PM"
"media__1772896011767.png","344692","3/7/2026 8:36:53 PM"
"media__1772896724787.png","106741","3/7/2026 8:49:51 PM"
"media__1772896748998.png","342797","3/7/2026 8:49:51 PM"
"media__1772896838458.png","344692","3/7/2026 8:50:56 PM"
"media__1772897170281.png","68627","3/7/2026 8:56:17 PM"
"media__1772897328333.png","385030","3/7/2026 8:58:55 PM"
"media__1772899857572.png","385228","3/7/2026 9:41:06 PM"
"media__1772899958844.png","400103","3/7/2026 9:43:10 PM"
